{"cameraMode":{"drawMode":0,"name":"Shaded","section":"Shading Mode"},"sceneLighting":true,"audioPlay":false,"sceneViewState":{"m_AlwaysRefresh":false,"showFog":true,"showSkybox":true,"showFlares":true,"showImageEffects":true,"showParticleSystems":true,"showVisualEffectGraphs":true,"m_FxEnabled":true},"in2DMode":false,"pivot":{"x":4.080305099487305,"y":1.7693662643432618,"z":0.55622398853302},"rotation":{"x":-0.004187028855085373,"y":-0.038994815200567248,"z":-0.00016341575246769935,"w":0.9992318749427795},"size":3.57497239112854,"orthographic":false}