{"cameraMode":{"drawMode":0,"name":"Shaded","section":"Shading Mode"},"sceneLighting":false,"audioPlay":false,"sceneViewState":{"m_AlwaysRefresh":false,"showFog":true,"showSkybox":false,"showFlares":true,"showImageEffects":true,"showParticleSystems":true,"showVisualEffectGraphs":true,"m_FxEnabled":true},"in2DMode":false,"pivot":{"x":0.0000017881393432617188,"y":1.4794957637786866,"z":0.0016335844993591309},"rotation":{"x":0.02448124997317791,"y":0.9688552618026733,"z":-0.22206304967403413,"w":0.10681077092885971},"size":2.270146608352661,"orthographic":false}